StartDate,EndDate,Status,Progress,Duration (in seconds),Finished,RecordedDate,ResponseId,DistributionChannel,TYPE,UserLanguage,Q_RecaptchaScore,Q_DuplicateRespondent,CONSENT,FREQUENCY,DURATION,REASONS,REASONS_5_TEXT,LOCATION,SKILL,MAP_1,MAP_2,MAP_3,MAP_4,MAP_5,MAP_6,MAP_7,MAP_8,MAP_9,MAP_10,MAP_11,MAP_12,MAP_13,MAP_14,MAP_15,MAP_16,MAP_17,MAP_18,MAP_19,MAP_20,MAP_21,MAP_22,MAP_23,MAP_24,MAP_25,MAP_26,MAP_27,MAP_28,MAP_29,MAP_30,MAP_31,MAP_32,MAP_33,MAP_34,MAP_35,MAP_36,MAP_37,MAP_38,MAP_39,MAP_40,MAP_41,MAP_42,MAP_43,MAP_44,MAP_45,MAP_46,MAP_47,MAP_48,MAP_49,MAP_50,MAP_51,MAP_52,MAP_53,MAP_54,MAP_55,MAP_56,MAP_57,MAP_58,MAP_59,MAP_60,MAP_61,MAP_62,MAP_63,MAP_64,MAP_65,MAP_66,MAP_67,MAP_68,MAP_69,MAP_70,MAP_71,MAP_72,MAP_73,MAP_74,MAP_75,MAP_76,PRESSURES_1,PRESSURES_2,PRESSURES_3,PRESSURES_4,PRESSURES_5,PRESSURES_6,PRESSURES_7,PRESSURES_8,HABITATS_1,HABITATS_2,HABITATS_3,HABITATS_4,HABITATS_5,HABITATS_6,SPECIES_1,SPECIES_2,SPECIES_3,SPECIES_4,SPECIES_5,SPECIES_6,SPECIES_7,SPECIES_8,SPECIES_8_TEXT,FUNDING,CONCRETE_1,CONCRETE_2,CONCRETE_3,CONCRETE_4,CONCRETE_5,TIRES_1,TIRES_2,TIRES_3,TIRES_4,TIRES_5,ACTION_1,ACTION_2,ACTION_3,ACTION_4,ACTION_5,AWARE,AGE,GENDER,GENDER_3_TEXT,ZIPCODE,COUNTY,COUNTY_7_TEXT,INCOME,COSTS,AR_RELIEF,AR_SIZE,AR_DEPTH,AR_COMPLEX,AR_MATERIAL_1,AR_MATERIAL_2,AR_MATERIAL_3,AR_MATERIAL_4
7/7/2026 19:04,7/7/2026 19:11,IP Address,100,428,TRUE,7/7/2026 19:11,R_3K12UHd46TuNPPG,email,Shoreline,EN,0.8999999761581421,,I agree,About once a week,5 - 9 years,"Fishing for fun, sport, or relaxation,Fishing for your own food",,"The shoreline or bank of a water body,A fishing pier or boardwalk",Excellent,On,On,Off,Off,Off,Off,Off,Off,Off,Off,Off,Off,Off,Off,Off,Off,Off,Off,Off,Off,Off,On,On,Off,Off,Off,On,Off,Off,Off,Off,Off,Off,On,Off,Off,Off,Off,On,On,On,On,Off,Off,Off,Off,On,Off,Off,Off,Off,Off,Off,On,On,On,On,Off,Off,Off,On,On,Off,On,Off,On,On,Off,Off,Off,Off,Off,On,On,On,Off,Yes,Yes,Yes,Yes,No,Yes,No,No,Never,Sometimes,Often,Sometimes,Rarely,Often,Sometimes,Sometimes,Often,Rarely,Often,Often,Sometimes,Often,Spanish mackerel ,Supportive,Strongly agree,Disagree,Somewhat disagree,Somewhat disagree,Strongly agree,Somewhat disagree,Agree,Somewhat disagree,Somewhat disagree,Somewhat agree,4.83,10,0,4.71,0,No,25 - 34,Male,,33578,Hillsborough,,"$75,001 - $100,000",50,Not sure,Not sure,Not sure,"Complex
(lots of holes, edges, and hiding spots)",Sometimes,Sometimes,Often,Rarely
7/7/2026 19:15,7/7/2026 19:20,IP Address,100,305,TRUE,7/7/2026 19:20,R_6i2jhB3NBB4dlVd,email,Shoreline,EN,1,,I agree,A few times,1 - 4 years,"Fishing for fun, sport, or relaxation",,A fishing pier or boardwalk,Fair,Off,Off,Off,Off,Off,Off,Off,Off,Off,Off,Off,Off,Off,Off,Off,Off,Off,Off,Off,Off,Off,Off,Off,Off,Off,Off,Off,Off,Off,Off,Off,Off,Off,Off,Off,Off,Off,Off,Off,Off,On,Off,Off,Off,Off,Off,Off,On,Off,Off,Off,Off,Off,Off,On,Off,Off,Off,Off,Off,On,On,Off,Off,Off,Off,Off,Off,Off,Off,Off,Off,Off,Off,Off,Off,No,No,No,No,No,No,Yes,No,Never,Never,Never,Never,Never,Always,Sometimes,Sometimes,Sometimes,Sometimes,Often,Often,Often,Sometimes,,Supportive,Agree,Disagree,Agree,Disagree,Agree,Somewhat agree,Somewhat agree,Somewhat agree,Somewhat agree,Somewhat agree,2.14,6.77,6.99,4.4,1.03,No,45 - 54,Female,,33543,Pasco,,"$100,000 or more",200,,,,,,,,
7/7/2026 19:13,7/7/2026 19:20,IP Address,100,460,TRUE,7/7/2026 19:20,R_7ZWj1CsTf1uqUOR,email,Shoreline,EN,1,,I agree,A few times,10 - 19 years,"Fishing for fun, sport, or relaxation",,The shoreline or bank of a water body,Good,Off,Off,Off,Off,Off,Off,Off,Off,Off,Off,Off,Off,Off,Off,Off,Off,Off,Off,Off,Off,Off,Off,Off,Off,Off,Off,Off,Off,Off,Off,Off,Off,Off,Off,Off,Off,Off,Off,Off,On,Off,Off,Off,Off,Off,Off,On,Off,Off,Off,Off,Off,Off,On,Off,Off,Off,Off,On,Off,Off,Off,Off,On,On,Off,Off,On,On,Off,Off,Off,On,On,On,On,No,No,No,No,No,No,No,No,Never,Never,Always,Never,Never,Sometimes,Sometimes,Never,Never,Never,Sometimes,Often,Never,Never,,Supportive,Somewhat agree,Somewhat agree,Somewhat agree,Somewhat disagree,Somewhat agree,Somewhat agree,Somewhat agree,Somewhat agree,Somewhat disagree,Agree,10,5.26,2.3,2.92,0.13,No,18 - 24,Female,,33809,Polk,,"$25,000 or less",150,,,,,,,,
7/7/2026 19:16,7/7/2026 19:21,IP Address,100,313,TRUE,7/7/2026 19:21,R_12XzsnuvxnV84cV,email,Shoreline,EN,1,,I agree,About once a month,10 - 19 years,"Fishing for fun, sport, or relaxation",,"The shoreline or bank of a water body,A fishing pier or boardwalk,A boat, kayak, or canoe",Excellent,Off,Off,Off,Off,Off,Off,Off,Off,Off,Off,Off,Off,Off,Off,Off,Off,Off,Off,Off,Off,Off,Off,Off,Off,Off,Off,Off,Off,Off,Off,Off,Off,Off,Off,Off,Off,Off,Off,Off,Off,Off,Off,Off,Off,Off,Off,Off,Off,Off,Off,Off,Off,Off,Off,On,On,Off,Off,Off,Off,On,On,Off,On,On,On,Off,On,On,On,Off,Off,Off,Off,Off,Off,Yes,Yes,Yes,Yes,Yes,Yes,Yes,Yes,Always,Often,Always,Sometimes,Never,Often,Always,Often,Always,Rarely,Rarely,Sometimes,Sometimes,Sometimes,Shark,Supportive,Somewhat agree,Somewhat disagree,Somewhat disagree,Agree,Somewhat agree,Strongly disagree,Strongly agree,Strongly disagree,Strongly agree,Strongly disagree,0.49,0.58,0.89,4.7,7.64,No,18 - 24,Male,,,Manatee,,"$25,000 or less",3000,,,,,,,,
7/7/2026 19:14,7/7/2026 19:25,IP Address,100,616,TRUE,7/7/2026 19:25,R_5K8aIAeinwAvBsJ,email,Shoreline,EN,1,,I agree,About once a month,10 - 19 years,"Fishing for fun, sport, or relaxation,Fishing for your own food",,"The shoreline or bank of a water body,A fishing pier or boardwalk",Good,Off,Off,Off,Off,Off,Off,Off,Off,Off,Off,Off,On,Off,Off,On,Off,Off,On,Off,Off,Off,Off,Off,On,Off,Off,On,Off,Off,Off,Off,Off,Off,Off,Off,Off,Off,Off,Off,On,On,Off,Off,Off,Off,Off,On,On,Off,Off,Off,Off,Off,On,On,Off,Off,Off,Off,Off,Off,On,Off,Off,Off,Off,On,Off,Off,Off,Off,Off,On,On,On,On,Yes,No,Yes,No,No,Yes,No,No,Sometimes,Often,Often,Sometimes,Sometimes,Often,Often,Often,Often,Rarely,Often,Often,Sometimes,Often,Pompano,Supportive,Agree,Somewhat disagree,Somewhat agree,Disagree,Agree,Somewhat agree,Somewhat agree,Somewhat agree,Disagree,Somewhat agree,5.96,7.31,7.91,7.12,2.53,No,35 - 44,Male,,33647,Hillsborough,,"$50,001 - $75,000",50,Not sure,"Medium
(less than 1 acre)",Not sure,"Moderate
(some nooks and crannies)",Sometimes,Never,Sometimes,Rarely
7/7/2026 19:17,7/7/2026 19:26,IP Address,100,494,TRUE,7/7/2026 19:26,R_69nBwErZYUe8TZH,email,Shoreline,EN,1,,I agree,About once a month,10 - 19 years,"Fishing for fun, sport, or relaxation",,The shoreline or bank of a water body,Good,Off,Off,Off,Off,Off,Off,Off,Off,Off,Off,Off,Off,Off,Off,Off,On,On,Off,Off,Off,Off,Off,Off,Off,Off,Off,Off,Off,Off,Off,Off,Off,Off,Off,Off,Off,Off,Off,Off,Off,Off,Off,Off,Off,Off,Off,Off,Off,Off,Off,Off,Off,Off,Off,Off,Off,Off,Off,Off,Off,Off,Off,Off,Off,Off,Off,Off,Off,Off,Off,Off,Off,Off,Off,Off,Off,No,No,No,No,No,Yes,No,No,Never,Sometimes,Often,Rarely,Never,Often,Often,Often,Often,Never,Sometimes,Sometimes,Never,Rarely,,Neutral,Agree,Somewhat disagree,Somewhat agree,Somewhat agree,Somewhat agree,Somewhat agree,Somewhat agree,Somewhat agree,Somewhat agree,Somewhat agree,5.29,5.14,5.05,5.05,4.94,No,55 - 64,Male,,33703,Pinellas,,"$25,001 - $50,000",30,,,,,,,,
7/7/2026 19:05,7/7/2026 19:26,IP Address,100,1250,TRUE,7/7/2026 19:26,R_7qdHHYBQUiOWUsk,email,Shoreline,EN,1,,I agree,A few times,5 - 9 years,"Fishing for fun, sport, or relaxation",,A fishing pier or boardwalk,Fair,Off,Off,Off,Off,Off,Off,Off,Off,Off,Off,Off,Off,Off,Off,Off,Off,Off,Off,Off,Off,Off,Off,Off,Off,Off,Off,Off,Off,Off,Off,Off,Off,Off,Off,Off,Off,Off,Off,Off,On,On,Off,Off,Off,Off,Off,Off,Off,Off,Off,Off,Off,Off,Off,Off,Off,Off,Off,Off,Off,Off,On,Off,Off,Off,Off,Off,Off,Off,Off,Off,Off,Off,Off,On,On,No,No,No,No,No,No,No,No,Never,Never,Rarely,Often,Often,Always,Rarely,Sometimes,Rarely,Rarely,Often,Often,Often,Always,Mackerel ,Supportive,Somewhat agree,Strongly disagree,Strongly agree,Strongly disagree,Strongly agree,Somewhat agree,Somewhat disagree,Somewhat disagree,Somewhat agree,Somewhat agree,5.17,10,10,1.32,0.87,No,45 - 54,Male,,33844,Polk,,"$75,001 - $100,000",150,Not sure,"Medium
(less than 1 acre)",Not sure,"Moderate
(some nooks and crannies)",Not sure,Not sure,Sometimes,Not sure
7/7/2026 19:32,7/7/2026 19:44,IP Address,100,668,TRUE,7/7/2026 19:44,R_79lfnpBUsFvqhyh,email,Shoreline,EN,1,,I agree,A few times,20 years or more,Fishing for your own food,,The shoreline or bank of a water body,Excellent,Off,Off,Off,Off,Off,On,Off,Off,Off,Off,Off,Off,On,On,On,Off,Off,Off,Off,Off,On,Off,Off,On,Off,Off,Off,On,Off,Off,Off,On,On,On,Off,Off,Off,Off,Off,Off,Off,Off,Off,Off,Off,Off,Off,Off,Off,Off,Off,Off,Off,Off,Off,Off,Off,Off,Off,Off,Off,Off,Off,Off,Off,Off,Off,Off,Off,Off,Off,Off,Off,Off,Off,Off,Yes,Yes,Yes,Yes,Yes,Yes,Yes,Yes,Often,Sometimes,Sometimes,Sometimes,Often,Often,Rarely,Sometimes,Sometimes,Never,Sometimes,Sometimes,Sometimes,Never,,Supportive,Strongly agree,Disagree,Somewhat agree,Somewhat agree,Agree,Disagree,Somewhat agree,Disagree,Somewhat agree,Somewhat disagree,3.76,7.91,3.14,6.01,4.19,No,55 - 64,Male,,33584,Hillsborough,,"$25,001 - $50,000",400,"Moderate
(2 - 4 ft.)","Medium
(less than 1 acre)","Shallow
(10 ft. or less)","Moderate
(some nooks and crannies)",Not sure,Not sure,Not sure,Never
7/7/2026 19:37,7/7/2026 19:45,IP Address,100,470,TRUE,7/7/2026 19:45,R_1MShf5y7QfEIVbI,email,Shoreline,EN,1,,I agree,About once a month,20 years or more,Fishing for your own food,,"The shoreline or bank of a water body,A fishing pier or boardwalk",Excellent,Off,Off,Off,Off,Off,Off,Off,Off,Off,Off,Off,Off,Off,Off,Off,Off,Off,Off,Off,Off,Off,Off,Off,Off,Off,Off,Off,Off,Off,Off,Off,Off,Off,Off,Off,Off,Off,Off,Off,Off,Off,Off,Off,Off,Off,Off,Off,Off,Off,Off,Off,Off,Off,Off,Off,Off,Off,Off,Off,Off,Off,On,Off,Off,Off,Off,On,Off,Off,On,Off,Off,Off,Off,Off,Off,Yes,Yes,Yes,Yes,Yes,Yes,Yes,Yes,Rarely,Sometimes,Often,Never,Never,Often,Rarely,Sometimes,Sometimes,Never,Sometimes,Sometimes,Rarely,Often,Herring,Neutral,Agree,Strongly disagree,Strongly agree,Strongly disagree,Strongly agree,Somewhat disagree,Agree,Somewhat disagree,Somewhat disagree,Somewhat disagree,7.31,9.85,0.39,1.2,9.75,No,55 - 64,Male,,33543,Pasco,,"$50,001 - $75,000",100,,,,,,,,
7/7/2026 19:28,7/7/2026 19:51,IP Address,100,1354,TRUE,7/7/2026 19:51,R_701PknzbsIEKgKt,email,Shoreline,EN,1,,I agree,About once a month,10 - 19 years,"Fishing for fun, sport, or relaxation,Fishing for your own food",,"A boat, kayak, or canoe",Good,Off,Off,Off,Off,Off,Off,Off,Off,Off,Off,Off,Off,Off,Off,Off,Off,Off,Off,Off,Off,Off,On,On,Off,Off,Off,Off,Off,On,Off,Off,Off,Off,Off,Off,Off,Off,Off,On,Off,On,On,Off,Off,On,On,On,On,On,Off,On,On,On,Off,On,Off,On,On,Off,Off,Off,On,On,Off,Off,Off,Off,Off,Off,Off,Off,Off,Off,Off,Off,Off,Yes,Yes,Yes,Yes,Yes,Yes,Yes,Yes,Sometimes,Often,Sometimes,Rarely,Rarely,Sometimes,Often,Often,Often,Rarely,Rarely,Sometimes,Rarely,Never,,Supportive,Somewhat disagree,Strongly disagree,Strongly agree,Strongly disagree,Agree,Somewhat agree,Somewhat disagree,Somewhat agree,Somewhat disagree,Somewhat agree,3.95,10,10,10,5.07,No,45 - 54,Male,,33881,Polk,,"$100,000 or more",350,"Moderate
(2 - 4 ft.)","Medium
(less than 1 acre)","Moderate
(10 - 20 ft.)","Moderate
(some nooks and crannies)",Often,Not sure,Often,Never
7/7/2026 19:41,7/7/2026 19:52,IP Address,100,688,TRUE,7/7/2026 19:52,R_6fNmvLlPijm2vys,email,Shoreline,EN,1,,I agree,About once a week,Less than a year,"Fishing for fun, sport, or relaxation,Fishing for your own food",,"The shoreline or bank of a water body,A fishing pier or boardwalk",Good,Off,Off,On,On,On,On,On,Off,Off,Off,Off,On,Off,Off,Off,Off,Off,On,Off,Off,Off,Off,Off,On,Off,Off,Off,Off,Off,Off,Off,Off,Off,Off,Off,Off,Off,Off,Off,Off,Off,Off,Off,Off,Off,Off,Off,Off,Off,Off,Off,Off,Off,Off,Off,Off,Off,Off,Off,Off,Off,Off,Off,Off,Off,Off,Off,Off,Off,Off,Off,Off,Off,Off,Off,Off,Yes,Yes,No,No,Yes,No,No,No,Rarely,Sometimes,Often,Rarely,Sometimes,Often,Sometimes,Sometimes,Often,Never,Rarely,Often,Never,Never,,Neutral,Somewhat agree,Somewhat agree,Somewhat agree,Somewhat agree,Somewhat agree,Somewhat disagree,Somewhat agree,Somewhat disagree,Somewhat agree,Somewhat disagree,5,5,5,5,5.16,No,25 - 34,Male,,33607,Hillsborough,,"$75,001 - $100,000",25,Not sure,Not sure,Not sure,Not sure,Never,Never,Never,Never
7/7/2026 19:48,7/7/2026 19:53,IP Address,100,273,TRUE,7/7/2026 19:53,R_6gd9BWWtTZ3UoJX,email,Shoreline,EN,1,,I agree,About once a month,20 years or more,"Fishing for fun, sport, or relaxation",,"The shoreline or bank of a water body,A fishing pier or boardwalk",Good,On,On,On,Off,Off,Off,Off,On,Off,Off,Off,Off,Off,Off,Off,Off,Off,Off,Off,Off,Off,Off,Off,Off,Off,Off,Off,Off,Off,Off,Off,Off,Off,Off,On,Off,Off,Off,Off,On,On,On,Off,Off,Off,Off,On,Off,Off,Off,Off,Off,Off,On,Off,Off,Off,Off,Off,Off,Off,Off,Off,Off,Off,Off,Off,Off,Off,Off,Off,Off,On,On,On,Off,Yes,No,No,Yes,Yes,Yes,No,No,Rarely,Sometimes,Often,Rarely,Never,Often,Sometimes,Often,Often,Never,Rarely,Sometimes,Never,Never,,Supportive,Strongly agree,Strongly disagree,Strongly disagree,Strongly disagree,Strongly agree,Somewhat agree,Agree,Somewhat disagree,Agree,Disagree,3.28,10,8.04,6.3,3.77,No,55 - 64,Male,,34653,Pasco,,"$25,001 - $50,000",50,,,,,,,,
7/7/2026 19:47,7/7/2026 19:53,IP Address,100,396,TRUE,7/7/2026 19:53,R_3PonooH9DH9NMLt,email,Shoreline,EN,1,,I agree,A few times,Less than a year,"Fishing for fun, sport, or relaxation,Fishing for your own food",,"The shoreline or bank of a water body,A fishing pier or boardwalk",Poor,Off,Off,Off,Off,Off,Off,Off,Off,Off,Off,Off,Off,Off,Off,Off,Off,Off,Off,Off,Off,Off,Off,Off,Off,Off,Off,Off,Off,Off,Off,Off,Off,Off,Off,Off,Off,Off,Off,Off,On,Off,Off,Off,Off,Off,Off,On,Off,Off,Off,Off,Off,Off,On,Off,Off,Off,Off,Off,Off,On,Off,Off,Off,Off,Off,Off,Off,Off,Off,Off,Off,Off,Off,Off,Off,Yes,No,Yes,No,No,No,No,No,Never,Rarely,Often,Never,Never,Often,Never,Sometimes,Rarely,Never,Sometimes,Sometimes,Never,Always,Whiting,Supportive,Somewhat agree,Strongly disagree,Strongly agree,Strongly disagree,Strongly agree,Agree,Somewhat agree,Somewhat agree,Somewhat disagree,Somewhat agree,10,4.19,3.29,10,5.72,No,25 - 34,Male,,34275,Sarasota,,"$75,001 - $100,000",20,,,,,,,,
7/7/2026 19:47,7/7/2026 19:54,IP Address,100,414,TRUE,7/7/2026 19:54,R_5OeJZAxWtgB4ZQz,email,Shoreline,EN,1,,I agree,A few times,20 years or more,"Fishing for fun, sport, or relaxation",,"The shoreline or bank of a water body,A fishing pier or boardwalk,A boat, kayak, or canoe",Fair,Off,Off,Off,Off,Off,Off,Off,Off,Off,Off,Off,Off,Off,Off,Off,Off,Off,Off,Off,Off,Off,Off,Off,Off,Off,Off,Off,Off,Off,Off,Off,Off,Off,Off,Off,On,Off,Off,Off,Off,Off,Off,Off,Off,Off,On,Off,Off,Off,Off,Off,Off,Off,Off,Off,Off,Off,Off,Off,Off,Off,Off,Off,Off,Off,Off,Off,Off,Off,Off,Off,Off,Off,Off,On,On,No,Yes,Yes,Yes,No,Yes,Yes,No,Often,Sometimes,Always,Rarely,Rarely,Often,Never,Never,Never,Never,Never,Never,Rarely,Never,,Supportive,Somewhat agree,Somewhat agree,Somewhat agree,Somewhat agree,Agree,Somewhat disagree,Strongly agree,Disagree,Agree,Disagree,0.97,3.17,1.94,5.34,4.63,No,25 - 34,Female,,33803,Polk,,"$100,000 or more",150,Not sure,Not sure,Not sure,Not sure,Not sure,Not sure,Not sure,Not sure
7/7/2026 19:44,7/7/2026 19:54,IP Address,100,605,TRUE,7/7/2026 19:54,R_1QmjlbTk1yxt1Pc,email,Shoreline,EN,1,,I agree,About once a month,20 years or more,"Fishing for fun, sport, or relaxation,Fishing for your own food",,"The shoreline or bank of a water body,A fishing pier or boardwalk",Good,Off,Off,On,Off,Off,Off,Off,On,On,Off,Off,On,Off,Off,Off,Off,Off,On,On,Off,Off,Off,On,On,On,On,Off,Off,Off,Off,Off,Off,Off,Off,On,Off,Off,Off,Off,On,Off,Off,Off,Off,Off,On,Off,On,Off,Off,Off,Off,Off,Off,On,Off,Off,Off,Off,Off,On,On,Off,Off,Off,Off,On,Off,Off,Off,Off,Off,Off,Off,Off,Off,No,No,No,No,No,No,No,Yes,Sometimes,Sometimes,Often,Rarely,Rarely,Sometimes,Never,Often,Sometimes,Never,Often,Often,Rarely,Rarely,,Neutral,Somewhat agree,Somewhat disagree,Somewhat agree,Somewhat disagree,Somewhat disagree,Somewhat agree,Somewhat disagree,Somewhat disagree,Somewhat agree,Somewhat disagree,4.97,4.96,5.04,5.88,4.31,No,35 - 44,Male,,33594,Hillsborough,,"$25,000 or less",,Not sure,Not sure,Not sure,"Moderate
(some nooks and crannies)",Not sure,Not sure,Sometimes,Not sure
7/7/2026 19:49,7/7/2026 20:02,IP Address,100,774,TRUE,7/7/2026 20:02,R_57s6rwzdXqD9YAB,email,Shoreline,EN,1,,I agree,Many times a week,1 - 4 years,Fishing for your own food,,"The shoreline or bank of a water body,A fishing pier or boardwalk",Excellent,Off,Off,Off,Off,Off,Off,Off,Off,Off,Off,Off,On,Off,Off,Off,On,On,On,Off,Off,Off,Off,On,On,Off,Off,Off,Off,Off,Off,Off,Off,Off,Off,Off,Off,Off,Off,Off,On,On,Off,Off,Off,Off,Off,On,On,Off,Off,Off,Off,Off,On,Off,Off,Off,Off,Off,Off,Off,On,Off,Off,Off,Off,Off,Off,Off,Off,Off,Off,On,On,Off,On,No,No,No,No,No,Yes,Yes,No,Always,Sometimes,Often,Sometimes,Rarely,Always,Sometimes,Often,Sometimes,Rarely,Often,Often,Often,Often,Spanish mac,Supportive,Agree,Disagree,Somewhat disagree,Somewhat agree,Agree,Strongly disagree,Strongly agree,Strongly disagree,Strongly agree,Strongly disagree,1.18,10,8.68,10,10,No,35 - 44,Male,,33781,Pinellas,,"$25,000 or less",80,Not sure,Not sure,Not sure,Not sure,Sometimes,Rarely,Sometimes,Rarely
7/7/2026 19:58,7/7/2026 20:06,IP Address,100,512,TRUE,7/7/2026 20:06,R_7NqRiu7dNfhS3bF,email,Shoreline,EN,1,,I agree,About once a week,5 - 9 years,"Fishing for fun, sport, or relaxation",,"The shoreline or bank of a water body,A fishing pier or boardwalk,A boat, kayak, or canoe",Good,On,On,On,On,Off,Off,Off,On,On,Off,Off,Off,Off,Off,Off,Off,Off,Off,Off,Off,Off,Off,Off,Off,Off,Off,Off,Off,Off,Off,Off,Off,Off,Off,Off,Off,Off,Off,Off,Off,Off,Off,Off,Off,Off,Off,Off,Off,Off,Off,Off,Off,Off,Off,Off,Off,Off,Off,Off,Off,Off,Off,Off,Off,Off,Off,Off,Off,Off,Off,Off,Off,Off,Off,Off,Off,No,No,No,Yes,No,Yes,No,No,Often,Often,Often,Sometimes,Rarely,Often,Never,Rarely,Never,Rarely,Rarely,Rarely,Never,Sometimes,,Supportive,Agree,Disagree,Somewhat agree,Somewhat disagree,Somewhat agree,Disagree,Agree,Agree,Somewhat agree,Somewhat disagree,2.4,7.25,2.24,6.54,4.9,No,45 - 54,Female,,34695,Pinellas,,"$50,001 - $75,000",30,Not sure,Not sure,"Shallow
(10 ft. or less)",Not sure,Not sure,Not sure,Rarely,Never
7/7/2026 20:00,7/7/2026 20:07,IP Address,100,409,TRUE,7/7/2026 20:07,R_5IZzZfDlm1oIigE,email,Shoreline,EN,1,,I agree,About once a month,Less than a year,"Fishing for fun, sport, or relaxation,Fishing for your own food",,"The shoreline or bank of a water body,A fishing pier or boardwalk",Good,On,Off,Off,On,On,On,Off,Off,Off,Off,Off,Off,Off,Off,Off,Off,Off,Off,Off,Off,Off,Off,Off,Off,Off,Off,Off,Off,Off,Off,Off,Off,Off,Off,Off,Off,Off,Off,Off,On,Off,Off,Off,Off,Off,Off,On,Off,Off,Off,Off,Off,Off,On,Off,Off,Off,Off,Off,Off,Off,Off,Off,Off,Off,Off,Off,Off,Off,Off,Off,Off,Off,Off,Off,Off,No,No,No,No,No,No,No,No,Rarely,Sometimes,Often,Rarely,Rarely,Often,Sometimes,Sometimes,Sometimes,Never,Often,Sometimes,Sometimes,Often,Catfish,Supportive,Somewhat agree,Somewhat disagree,Somewhat agree,Somewhat disagree,Somewhat agree,Somewhat disagree,Somewhat agree,Somewhat disagree,Somewhat disagree,Somewhat disagree,5.07,5.99,3.01,5,5.9,No,25 - 34,Male,,33615,Hillsborough,,"$50,001 - $75,000",10,Not sure,Not sure,Not sure,Not sure,Not sure,Not sure,Not sure,Not sure
7/7/2026 20:06,7/7/2026 20:12,IP Address,100,351,TRUE,7/7/2026 20:12,R_5VybXn34N0hp4Vs,email,Shoreline,EN,1,,I agree,About once a week,5 - 9 years,"Fishing for fun, sport, or relaxation,Fishing for your own food",,"The shoreline or bank of a water body,A fishing pier or boardwalk,A boat, kayak, or canoe",Excellent,Off,Off,Off,Off,Off,Off,Off,Off,On,Off,Off,On,Off,Off,Off,On,Off,On,Off,Off,On,On,On,On,Off,Off,On,Off,On,On,Off,Off,Off,Off,On,Off,Off,Off,Off,On,On,On,Off,Off,Off,Off,On,Off,Off,Off,Off,Off,Off,On,Off,Off,Off,Off,Off,Off,Off,Off,Off,Off,Off,Off,Off,Off,Off,Off,Off,Off,On,On,Off,On,Yes,Yes,No,Yes,Yes,Yes,Yes,No,Always,Sometimes,Always,Always,Always,Always,Always,Often,Sometimes,Rarely,Always,Always,Often,Rarely,,Supportive,Strongly agree,Disagree,Agree,Disagree,Agree,Agree,Disagree,Somewhat agree,Disagree,Agree,3.17,10,2.25,2.43,1.88,No,35 - 44,Male,,33776,Pinellas,,"$100,000 or more",500,"High
(5 ft. or more)","Large
(1 acre or more)","Deep
(20 ft. or more)","Complex
(lots of holes, edges, and hiding spots)",Sometimes,Sometimes,Always,Often
7/7/2026 20:09,7/7/2026 20:16,IP Address,100,463,TRUE,7/7/2026 20:16,R_7pST5XAoTN6uclb,email,Shoreline,EN,1,,I agree,A few times,1 - 4 years,"Fishing for fun, sport, or relaxation",,A fishing pier or boardwalk,Good,Off,Off,Off,Off,Off,Off,Off,Off,Off,Off,Off,Off,Off,Off,Off,On,Off,On,Off,Off,Off,Off,Off,Off,Off,Off,Off,Off,Off,Off,Off,Off,Off,Off,Off,Off,Off,Off,Off,Off,On,Off,Off,Off,Off,Off,Off,On,Off,Off,Off,Off,Off,Off,Off,Off,Off,Off,Off,Off,On,On,Off,Off,Off,Off,Off,Off,Off,Off,Off,Off,Off,Off,Off,Off,Yes,No,Yes,No,No,No,No,No,Never,Sometimes,Often,Never,Sometimes,Always,Sometimes,Never,Sometimes,Never,Sometimes,Sometimes,Often,Never,,Supportive,Somewhat agree,Disagree,Somewhat agree,Strongly disagree,Agree,Strongly disagree,Agree,Strongly disagree,Strongly agree,Strongly disagree,0.09,10,0.17,0.22,10,No,25 - 34,Male,,33610,Hillsborough,,"$50,001 - $75,000",185,"Moderate
(2 - 4 ft.)","Small
(several square yards)","Moderate
(10 - 20 ft.)","Moderate
(some nooks and crannies)",Sometimes,Rarely,Sometimes,Never
7/7/2026 20:22,7/7/2026 20:35,IP Address,100,826,TRUE,7/7/2026 20:35,R_3GCgvHE867Q9wJ0,email,Shoreline,EN,1,,I agree,A few times,20 years or more,"Fishing for fun, sport, or relaxation,Fishing for your own food",,"The shoreline or bank of a water body,A fishing pier or boardwalk,A boat, kayak, or canoe",Excellent,On,On,Off,Off,Off,Off,Off,Off,Off,Off,Off,Off,Off,Off,Off,Off,On,On,Off,Off,Off,Off,Off,Off,Off,Off,Off,Off,Off,Off,Off,Off,Off,Off,On,Off,Off,Off,Off,On,Off,Off,Off,Off,Off,Off,On,Off,Off,Off,Off,Off,Off,Off,On,On,Off,Off,Off,On,On,Off,Off,Off,Off,Off,Off,Off,Off,Off,Off,Off,Off,Off,On,On,Yes,Yes,Yes,No,No,Yes,Yes,No,Rarely,Often,Often,Sometimes,Sometimes,Always,Often,Always,Often,Often,Sometimes,Sometimes,Often,Often,Blacktip shark,Supportive,Somewhat agree,Somewhat agree,Disagree,Somewhat agree,Agree,Somewhat disagree,Agree,Somewhat disagree,Disagree,Somewhat agree,4.99,3.06,2.94,6.78,0,No,35 - 44,Female,,34667,Pasco,,"$100,000 or more",525,"Moderate
(2 - 4 ft.)","Medium
(less than 1 acre)","Shallow
(10 ft. or less)","Complex
(lots of holes, edges, and hiding spots)",Always,Rarely,Always,Sometimes
7/7/2026 20:27,7/7/2026 20:39,IP Address,100,738,TRUE,7/7/2026 20:39,R_6zZ1AxUP5YuxkVH,email,Shoreline,EN,1,,I agree,A few times,1 - 4 years,"Fishing for fun, sport, or relaxation",,The shoreline or bank of a water body,Fair,On,On,Off,Off,Off,On,Off,Off,Off,Off,Off,Off,Off,Off,Off,Off,Off,Off,Off,Off,Off,Off,Off,Off,Off,Off,Off,Off,Off,Off,Off,Off,Off,Off,Off,Off,Off,Off,Off,On,Off,Off,Off,Off,Off,Off,On,On,Off,Off,Off,Off,Off,On,On,Off,Off,Off,Off,Off,Off,Off,Off,Off,Off,Off,Off,Off,Off,Off,Off,Off,On,On,On,On,No,Yes,Yes,Yes,Yes,Yes,No,No,Sometimes,Often,Often,Rarely,Sometimes,Sometimes,Sometimes,Sometimes,Sometimes,Sometimes,Often,Sometimes,Sometimes,Never,,Supportive,Somewhat agree,Somewhat agree,Somewhat agree,Somewhat disagree,Somewhat agree,Somewhat disagree,Agree,Somewhat disagree,Agree,Somewhat disagree,1.86,6.01,6.01,9.2,7.25,No,35 - 44,Female,,33556,Hillsborough,,"$50,001 - $75,000",65,Not sure,Not sure,Not sure,Not sure,Often,Not sure,Often,Not sure
7/7/2026 20:28,7/7/2026 20:40,IP Address,100,686,TRUE,7/7/2026 20:40,R_5jq4m6GFeDfZzEC,email,Shoreline,EN,1,,I agree,About once a week,20 years or more,"Fishing for fun, sport, or relaxation,Fishing for your own food",,"The shoreline or bank of a water body,A fishing pier or boardwalk",Excellent,Off,Off,Off,Off,Off,Off,Off,Off,Off,Off,Off,Off,Off,On,Off,On,On,On,Off,Off,Off,On,On,Off,Off,Off,Off,Off,Off,Off,Off,Off,Off,Off,Off,Off,Off,Off,Off,On,Off,Off,Off,Off,Off,Off,On,On,Off,Off,Off,Off,Off,On,On,Off,Off,Off,Off,Off,On,On,Off,On,Off,Off,Off,On,Off,Off,Off,Off,On,On,On,On,Yes,No,No,Yes,No,Yes,Yes,No,Often,Often,Often,Sometimes,Never,Often,Often,Often,Often,Never,Often,Often,Sometimes,Often,Baitfish,Supportive,Agree,Disagree,Agree,Disagree,Agree,Somewhat agree,Somewhat agree,Somewhat agree,Somewhat disagree,Somewhat agree,0.18,4.16,4.66,5.07,5.27,No,45 - 54,Other description:,No boat,33541,Pasco,,"$25,000 or less",75,,,,,,,,
7/7/2026 20:46,7/7/2026 20:57,IP Address,100,657,TRUE,7/7/2026 20:57,R_7phda2Z4DG4dyQP,email,Shoreline,EN,1,,I agree,A few times,1 - 4 years,"Fishing for fun, sport, or relaxation,Fishing for your own food",,"The shoreline or bank of a water body,A fishing pier or boardwalk",Excellent,Off,Off,Off,Off,Off,Off,Off,Off,Off,Off,Off,Off,Off,Off,Off,Off,Off,Off,Off,Off,Off,Off,Off,Off,Off,Off,Off,Off,Off,Off,Off,Off,Off,Off,Off,Off,Off,Off,Off,Off,On,Off,Off,Off,Off,Off,Off,Off,Off,Off,Off,Off,Off,Off,Off,Off,Off,Off,Off,Off,Off,Off,Off,On,Off,Off,Off,Off,Off,Off,Off,Off,On,On,On,On,Yes,No,Yes,Yes,Yes,Yes,Yes,Yes,Sometimes,Rarely,Sometimes,Rarely,Rarely,Sometimes,Sometimes,Sometimes,Rarely,Never,Sometimes,Sometimes,Rarely,Rarely,,Neutral,Somewhat disagree,Somewhat disagree,Somewhat disagree,Somewhat disagree,Somewhat agree,Disagree,Somewhat agree,Somewhat disagree,Somewhat agree,Somewhat disagree,4.79,4.98,5.4,5.78,8.58,No,45 - 54,Male,,33619,Hillsborough,,"$50,001 - $75,000",100,"Moderate
(2 - 4 ft.)","Small
(several square yards)","Shallow
(10 ft. or less)","Simple
(mostly flat or smooth)",Rarely,Rarely,Rarely,Never
7/7/2026 21:38,7/7/2026 21:51,IP Address,100,794,TRUE,7/7/2026 21:51,R_7jD5FTpckbXVgck,email,Shoreline,EN,1,,I agree,About once a week,5 - 9 years,"Fishing for fun, sport, or relaxation",,The shoreline or bank of a water body,Excellent,Off,Off,Off,Off,Off,Off,Off,Off,Off,Off,Off,Off,On,Off,Off,Off,Off,Off,On,On,On,Off,Off,Off,Off,Off,On,Off,Off,Off,Off,Off,On,On,Off,Off,Off,Off,On,Off,Off,Off,Off,Off,Off,Off,Off,Off,Off,Off,Off,Off,Off,Off,Off,Off,Off,Off,Off,Off,Off,Off,Off,Off,Off,Off,Off,Off,Off,Off,Off,Off,Off,Off,Off,Off,Yes,No,Yes,Yes,No,Yes,No,No,Often,Often,Often,Rarely,Sometimes,Often,Sometimes,Sometimes,Rarely,Sometimes,Sometimes,Sometimes,Often,Never,,Supportive,Agree,Disagree,Agree,Disagree,Agree,Agree,Agree,Agree,Agree,Disagree,0.93,5.37,8.44,10,10,No,45 - 54,Male,,33534,Hillsborough,,"$25,001 - $50,000",60,"Moderate
(2 - 4 ft.)","Large
(1 acre or more)","Moderate
(10 - 20 ft.)","Complex
(lots of holes, edges, and hiding spots)",Often,Sometimes,Often,Not sure
7/7/2026 22:01,7/7/2026 22:07,IP Address,100,379,TRUE,7/7/2026 22:07,R_1HaqrPxptg18rHH,email,Shoreline,EN,1,,I agree,About once a week,5 - 9 years,"Fishing for fun, sport, or relaxation",,The shoreline or bank of a water body,Good,Off,Off,Off,Off,Off,Off,Off,Off,Off,On,Off,On,Off,Off,Off,Off,On,On,Off,Off,Off,Off,On,On,Off,Off,Off,Off,Off,On,Off,On,Off,Off,Off,Off,Off,Off,Off,On,On,Off,Off,Off,Off,Off,On,On,Off,Off,Off,Off,Off,On,On,On,Off,Off,Off,Off,Off,Off,Off,Off,Off,Off,Off,Off,Off,Off,Off,Off,Off,Off,Off,On,No,No,Yes,Yes,No,Yes,Yes,Yes,Never,Sometimes,Always,Sometimes,Never,Always,Sometimes,Sometimes,Often,Often,Often,Often,Often,Always,Anything,Supportive,Strongly agree,Disagree,Strongly agree,Somewhat disagree,Agree,Strongly disagree,Agree,Strongly disagree,Strongly agree,Disagree,0.99,5.52,10,10,10,No,35 - 44,Male,,33711,Pinellas,,"$25,001 - $50,000",200,,,,,,,,
7/7/2026 22:08,7/7/2026 22:16,IP Address,100,507,TRUE,7/7/2026 22:16,R_7jen9gUATVpRu7a,email,Shoreline,EN,1,,I agree,About once a month,Less than a year,"Fishing for fun, sport, or relaxation,Fishing for your own food",,"The shoreline or bank of a water body,A fishing pier or boardwalk",Good,Off,Off,Off,Off,Off,Off,Off,Off,Off,Off,Off,Off,Off,Off,Off,Off,Off,Off,Off,Off,Off,Off,Off,Off,Off,Off,Off,Off,Off,Off,Off,Off,Off,Off,Off,Off,Off,Off,Off,On,On,Off,Off,Off,Off,Off,On,Off,Off,Off,Off,Off,Off,Off,Off,Off,Off,Off,Off,Off,Off,Off,Off,Off,Off,Off,Off,Off,Off,Off,Off,Off,Off,Off,Off,On,No,No,No,No,No,No,No,No,Sometimes,Sometimes,Often,Never,Never,Often,Rarely,Sometimes,Sometimes,Never,Sometimes,Sometimes,Never,Always,whatever eats live shrimp,Supportive,Strongly agree,Disagree,Strongly agree,Disagree,Strongly agree,Strongly agree,Somewhat agree,Strongly agree,Somewhat agree,Somewhat agree,0.97,3.32,3.35,4.61,6.85,No,45 - 54,Male,,33707,Pinellas,,"$25,000 or less",20,,,,,,,,
7/7/2026 22:25,7/7/2026 22:41,IP Address,100,955,TRUE,7/7/2026 22:41,R_62ieX3DeT4bGOxH,email,Shoreline,EN,1,,I agree,A few times,1 - 4 years,"Fishing for fun, sport, or relaxation",,The shoreline or bank of a water body,Good,Off,Off,Off,Off,Off,Off,Off,Off,Off,Off,Off,Off,On,Off,Off,Off,Off,Off,Off,Off,Off,Off,Off,Off,On,Off,Off,Off,Off,Off,Off,Off,Off,Off,Off,Off,Off,Off,Off,Off,Off,Off,Off,Off,Off,Off,Off,Off,Off,Off,Off,Off,Off,Off,Off,Off,Off,Off,Off,Off,Off,Off,Off,Off,Off,Off,Off,Off,Off,Off,Off,Off,Off,Off,Off,Off,No,No,No,No,No,No,No,No,Rarely,Never,Sometimes,Rarely,Never,Rarely,Never,Never,Rarely,Rarely,Rarely,Often,Always,Never,,Supportive,Disagree,Disagree,Somewhat agree,Somewhat agree,Somewhat agree,Disagree,Disagree,Disagree,Disagree,Disagree,0.5,0.96,0.45,5.86,9.69,No,55 - 64,Female,,,Hillsborough,,"$25,000 or less",,,,,,,,,
7/7/2026 22:30,7/7/2026 22:43,IP Address,100,741,TRUE,7/7/2026 22:43,R_1h56ScJvTuLpvu1,email,Shoreline,EN,1,,I agree,About once a week,1 - 4 years,"Fishing for fun, sport, or relaxation,Fishing for your own food",,"The shoreline or bank of a water body,A fishing pier or boardwalk",Excellent,Off,Off,On,On,Off,Off,Off,On,Off,Off,Off,Off,Off,Off,Off,Off,Off,Off,Off,Off,Off,Off,Off,Off,Off,Off,Off,Off,Off,Off,Off,Off,Off,Off,Off,Off,Off,Off,Off,Off,Off,Off,Off,Off,Off,Off,Off,Off,Off,Off,Off,Off,Off,Off,Off,Off,Off,Off,Off,Off,Off,Off,Off,Off,Off,Off,Off,Off,Off,Off,Off,Off,Off,Off,Off,Off,Yes,Yes,Yes,Yes,Yes,No,Yes,No,Rarely,Often,Often,Never,Never,Sometimes,Often,Often,Often,Never,Rarely,Sometimes,Never,Never,,Supportive,Agree,Somewhat disagree,Somewhat disagree,Somewhat agree,Somewhat agree,Somewhat agree,Somewhat disagree,Somewhat disagree,Somewhat agree,Somewhat agree,5.01,5.2,5.11,5.18,5.23,No,25 - 34,Male,,33764,Pinellas,,"$75,001 - $100,000",50,,,,,,,,
7/7/2026 22:44,7/7/2026 22:51,IP Address,100,435,TRUE,7/7/2026 22:51,R_1D0JWj7C4LhRx3n,email,Shoreline,EN,1,,I agree,A few times,20 years or more,"Fishing for fun, sport, or relaxation",,A fishing pier or boardwalk,Fair,Off,Off,On,On,Off,Off,Off,Off,Off,Off,Off,Off,Off,Off,Off,Off,Off,Off,Off,Off,Off,Off,Off,Off,Off,Off,Off,Off,Off,Off,Off,Off,Off,Off,Off,Off,Off,Off,Off,On,On,Off,Off,Off,Off,Off,On,On,Off,Off,Off,Off,Off,On,On,Off,Off,Off,Off,Off,Off,Off,Off,Off,Off,Off,Off,Off,Off,Off,Off,Off,Off,Off,Off,Off,No,No,No,No,No,No,No,No,Rarely,Never,Rarely,Never,Never,Often,Never,Never,Never,Never,Sometimes,Sometimes,Never,Often,,Supportive,Somewhat agree,Disagree,Somewhat agree,Disagree,Somewhat agree,Somewhat agree,Somewhat disagree,Somewhat agree,Somewhat disagree,Somewhat agree,6.18,6.53,0.21,4.2,4.06,No,55 - 64,Female,,33756,Pinellas,,"$75,001 - $100,000",50,,,,,,,,
7/7/2026 23:13,7/7/2026 23:23,IP Address,100,638,TRUE,7/7/2026 23:23,R_12RtOVzMLLhsaqn,email,Shoreline,EN,1,,I agree,Many times a week,Less than a year,Fishing for your own food,,"The shoreline or bank of a water body,A fishing pier or boardwalk",Excellent,Off,Off,Off,Off,Off,Off,Off,Off,Off,Off,Off,Off,Off,On,Off,Off,Off,Off,Off,Off,Off,Off,Off,On,On,Off,Off,Off,Off,Off,Off,Off,Off,Off,Off,Off,Off,Off,On,Off,Off,Off,Off,Off,On,Off,Off,Off,Off,Off,On,Off,Off,Off,Off,Off,Off,On,Off,Off,Off,On,On,Off,Off,Off,On,Off,Off,On,On,On,On,On,Off,On,No,No,No,No,Yes,No,No,No,Sometimes,Often,Often,Rarely,Rarely,Rarely,Never,Often,Often,Never,Rarely,Never,Rarely,Often,Catfish ,Supportive,Strongly agree,Strongly disagree,Strongly agree,Disagree,Agree,Strongly disagree,Strongly agree,Strongly disagree,Strongly agree,Strongly disagree,0.02,0,0,0,10,No,25 - 34,Male,,,Pinellas,,"$25,001 - $50,000",30,"High
(5 ft. or more)","Large
(1 acre or more)","Moderate
(10 - 20 ft.)","Complex
(lots of holes, edges, and hiding spots)",Often,Never,Often,Never
8/7/2026 0:03,8/7/2026 0:11,IP Address,100,483,TRUE,8/7/2026 0:11,R_67IKaap5lS7Kt9q,email,Shoreline,EN,1,,I agree,A few times,20 years or more,"Fishing for fun, sport, or relaxation",,The shoreline or bank of a water body,Poor,Off,Off,Off,Off,Off,Off,Off,Off,Off,Off,Off,Off,Off,Off,Off,Off,Off,Off,Off,Off,Off,Off,Off,Off,Off,Off,Off,Off,On,Off,Off,Off,Off,Off,On,Off,Off,Off,Off,On,Off,Off,Off,Off,Off,Off,Off,Off,Off,Off,Off,Off,Off,Off,Off,Off,Off,Off,Off,Off,Off,Off,Off,Off,Off,Off,Off,Off,Off,Off,Off,Off,On,On,On,Off,Yes,Yes,Yes,Yes,No,No,Yes,Yes,Never,Never,Often,Never,Often,Often,Never,Always,Always,Never,Always,Always,Always,Never,,Supportive,Somewhat agree,Disagree,Agree,Somewhat agree,Somewhat disagree,Disagree,Agree,Disagree,Agree,Disagree,1.35,1.31,1.52,9.38,9.33,No,35 - 44,Female,,33781,Pinellas,,"$25,001 - $50,000",60,Not sure,Not sure,Not sure,Not sure,Often,Not sure,Not sure,Never
8/7/2026 3:41,8/7/2026 3:46,IP Address,100,296,TRUE,8/7/2026 3:46,R_2hxB8Jgdspz9cw8,email,Shoreline,EN,1,,I agree,A few times,1 - 4 years,"Fishing for fun, sport, or relaxation",,"The shoreline or bank of a water body,A fishing pier or boardwalk",Fair,Off,Off,Off,Off,Off,Off,Off,Off,Off,Off,Off,Off,Off,Off,Off,Off,Off,Off,Off,Off,Off,Off,Off,Off,Off,Off,Off,Off,Off,Off,Off,Off,Off,Off,Off,Off,Off,Off,Off,Off,On,Off,Off,Off,Off,Off,On,On,Off,Off,Off,Off,Off,On,Off,Off,Off,Off,Off,Off,On,On,Off,Off,Off,On,On,On,On,On,On,Off,Off,Off,Off,Off,Yes,Yes,No,Yes,No,Yes,Yes,No,Sometimes,Sometimes,Sometimes,Sometimes,Sometimes,Sometimes,Sometimes,Sometimes,Sometimes,Sometimes,Sometimes,Sometimes,Sometimes,Never,,Supportive,Somewhat agree,Somewhat disagree,Somewhat disagree,Somewhat agree,Agree,Somewhat agree,Somewhat disagree,Somewhat agree,Somewhat agree,Somewhat agree,4.34,6.25,5.3,5.31,4.34,No,45 - 54,Male,,34243,Sarasota,,"$25,001 - $50,000",100,Not sure,Not sure,Not sure,Not sure,Not sure,Not sure,Not sure,Not sure
8/7/2026 4:24,8/7/2026 4:34,IP Address,100,596,TRUE,8/7/2026 4:34,R_7GqXppxseLkPjTE,email,Shoreline,EN,1,,I agree,Many times a week,5 - 9 years,"Fishing for fun, sport, or relaxation,Fishing for your own food",,"The shoreline or bank of a water body,A fishing pier or boardwalk",Excellent,On,On,On,On,On,On,On,On,On,On,On,On,On,On,On,On,On,On,On,Off,On,On,On,On,On,Off,On,On,On,On,Off,Off,Off,On,On,Off,Off,Off,On,On,On,On,On,Off,On,On,On,On,Off,Off,On,On,On,On,On,On,Off,On,Off,Off,On,On,On,On,Off,On,On,On,On,On,On,On,On,On,On,On,No,No,No,No,No,No,No,No,Rarely,Always,Always,Always,Always,Always,Always,Always,Always,Always,Always,Always,Always,Always,All fish ,Supportive,Strongly agree,Somewhat disagree,Somewhat agree,Disagree,Agree,Somewhat agree,Strongly disagree,Somewhat agree,Somewhat disagree,Somewhat agree,8.1,8.57,8.02,0.9,1.1,No,35 - 44,Male,,33711,Pinellas,,"$25,000 or less",100,Not sure,Not sure,Not sure,Not sure,Not sure,Not sure,Not sure,Not sure
8/7/2026 6:28,8/7/2026 6:35,IP Address,100,400,TRUE,8/7/2026 6:35,R_7oyBKWJVNWPwDMq,email,Shoreline,EN,1,,I agree,Many times a week,10 - 19 years,"Fishing for fun, sport, or relaxation",,"The shoreline or bank of a water body,A fishing pier or boardwalk",Excellent,Off,Off,Off,Off,Off,Off,Off,Off,Off,Off,Off,Off,Off,Off,Off,Off,Off,Off,Off,Off,Off,Off,Off,Off,Off,Off,Off,Off,Off,Off,Off,Off,Off,Off,Off,Off,Off,Off,Off,Off,Off,Off,Off,Off,Off,Off,Off,Off,Off,Off,Off,Off,Off,Off,Off,Off,Off,Off,Off,Off,On,On,Off,On,Off,Off,Off,On,On,On,On,On,Off,Off,Off,Off,Yes,Yes,Yes,Yes,Yes,Yes,No,No,Often,Sometimes,Often,Sometimes,Sometimes,Always,Always,Sometimes,Rarely,Always,Sometimes,Often,Sometimes,Often,,Opposed,Somewhat agree,Disagree,Somewhat disagree,Agree,Agree,Somewhat agree,Somewhat agree,Somewhat agree,Somewhat agree,Somewhat agree,10,7.11,8.11,4.53,0.89,No,18 - 24,Male,,34221,Manatee,,"$75,001 - $100,000",50,Not sure,Not sure,Not sure,Not sure,Often,Sometimes,Often,Sometimes
8/7/2026 6:34,8/7/2026 6:47,IP Address,100,794,TRUE,8/7/2026 6:47,R_533sJhvxnAk1pWP,email,Shoreline,EN,1,,I agree,About once a month,Less than a year,"Fishing for fun, sport, or relaxation,Fishing for your own food",,A fishing pier or boardwalk,Good,Off,Off,Off,Off,Off,Off,Off,Off,Off,Off,Off,Off,Off,Off,Off,Off,Off,Off,Off,Off,Off,Off,Off,Off,Off,Off,Off,Off,Off,Off,Off,Off,Off,Off,Off,Off,Off,Off,Off,Off,On,Off,Off,Off,Off,Off,Off,On,Off,Off,Off,Off,Off,Off,Off,Off,Off,Off,Off,Off,On,On,On,Off,Off,Off,Off,Off,Off,Off,Off,Off,Off,Off,Off,Off,No,No,No,No,No,No,No,No,Never,Often,Rarely,Sometimes,Never,Often,Often,Often,Often,Sometimes,Often,Always,Always,Sometimes,,Supportive,Strongly agree,Disagree,Somewhat agree,Disagree,Strongly agree,Strongly agree,Disagree,Agree,Disagree,Agree,5.35,5.45,5.65,5.67,5.38,No,55 - 64,Male,,,Pasco,,"$50,001 - $75,000",,,,,,,,,
8/7/2026 7:20,8/7/2026 7:26,IP Address,100,368,TRUE,8/7/2026 7:26,R_7wS6RclggF5jeXd,email,Shoreline,EN,1,,I agree,A few times,20 years or more,"Fishing for fun, sport, or relaxation",,The shoreline or bank of a water body,Good,On,On,Off,Off,Off,Off,Off,Off,Off,Off,Off,Off,Off,Off,Off,Off,Off,Off,Off,Off,Off,Off,Off,Off,Off,Off,Off,Off,Off,Off,Off,Off,Off,Off,Off,Off,Off,Off,Off,Off,Off,Off,Off,Off,Off,Off,Off,Off,Off,Off,Off,Off,Off,Off,Off,Off,Off,Off,Off,Off,Off,Off,Off,Off,Off,Off,Off,Off,Off,Off,Off,Off,Off,Off,Off,Off,No,No,No,No,No,No,No,No,Rarely,Sometimes,Often,Sometimes,Never,Sometimes,Never,Sometimes,Often,Sometimes,Often,Sometimes,Rarely,Never,,Supportive,Strongly agree,Disagree,Agree,Disagree,Agree,Somewhat agree,Somewhat agree,Agree,Somewhat agree,Somewhat disagree,8.42,7.75,5.53,6.88,4.82,No,55 - 64,Male,,34698,Pinellas,,"$75,001 - $100,000",20,,,,,,,,
8/7/2026 7:28,8/7/2026 7:32,IP Address,100,245,TRUE,8/7/2026 7:32,R_5FqOMCOG7ejFLCt,email,Shoreline,EN,1,,I agree,About once a week,20 years or more,"Fishing for fun, sport, or relaxation",,"The shoreline or bank of a water body,A fishing pier or boardwalk",Good,On,On,On,Off,Off,Off,On,On,Off,Off,Off,On,On,Off,On,Off,Off,On,On,Off,On,On,Off,On,On,Off,On,On,On,Off,Off,Off,Off,On,On,Off,Off,Off,On,Off,Off,On,Off,Off,Off,On,Off,Off,Off,Off,On,On,On,Off,Off,Off,Off,On,Off,Off,Off,On,On,On,Off,Off,On,On,On,On,On,On,On,Off,On,Off,Yes,Yes,Yes,Yes,Yes,Yes,Yes,Yes,Rarely,Sometimes,Sometimes,Sometimes,Sometimes,Sometimes,Often,Often,Often,Often,Often,Often,Often,Sometimes,Sharks,Supportive,Strongly agree,Strongly agree,Strongly agree,Strongly agree,Strongly agree,Somewhat disagree,Somewhat agree,Somewhat agree,Somewhat agree,Somewhat agree,3.91,1.71,3.15,4.34,9.93,No,35 - 44,Female,,33625,Hillsborough,,"$25,001 - $50,000",200,"Moderate
(2 - 4 ft.)","Medium
(less than 1 acre)","Moderate
(10 - 20 ft.)","Moderate
(some nooks and crannies)",Sometimes,Sometimes,Sometimes,Sometimes
8/7/2026 7:41,8/7/2026 7:50,IP Address,100,526,TRUE,8/7/2026 7:50,R_6Xkth0U5y9rTnP3,email,Shoreline,EN,1,,I agree,About once a month,1 - 4 years,"Fishing for fun, sport, or relaxation",,"The shoreline or bank of a water body,A fishing pier or boardwalk",Fair,Off,Off,Off,Off,Off,Off,Off,Off,Off,Off,Off,Off,Off,Off,Off,Off,Off,Off,Off,Off,Off,Off,Off,Off,Off,Off,Off,Off,Off,On,Off,Off,Off,Off,On,Off,Off,Off,Off,On,Off,On,Off,Off,Off,Off,On,Off,Off,Off,Off,Off,Off,On,Off,Off,Off,Off,Off,Off,On,On,Off,Off,Off,Off,Off,On,On,Off,Off,Off,Off,Off,On,Off,No,No,No,No,Yes,Yes,Yes,No,Often,Often,Often,Sometimes,Sometimes,Often,Often,Often,Often,Never,Rarely,Often,Rarely,Never,,Supportive,Agree,Disagree,Agree,Somewhat disagree,Agree,Somewhat agree,Somewhat agree,Somewhat agree,Somewhat disagree,Somewhat agree,5.31,7.34,4.85,4.88,4.91,No,35 - 44,Male,,33610,Hillsborough,,"$75,001 - $100,000",20,Not sure,Not sure,"Moderate
(10 - 20 ft.)",Not sure,Sometimes,Not sure,Often,Not sure
8/7/2026 8:17,8/7/2026 8:24,IP Address,100,421,TRUE,8/7/2026 8:24,R_13zztFjxdbzmfyV,email,Shoreline,EN,1,,I agree,A few times,5 - 9 years,"Fishing for fun, sport, or relaxation",,"The shoreline or bank of a water body,A fishing pier or boardwalk",Fair,Off,Off,Off,Off,Off,Off,Off,Off,Off,Off,Off,Off,Off,Off,Off,Off,Off,Off,On,Off,Off,Off,Off,Off,Off,On,Off,Off,Off,Off,Off,Off,Off,Off,Off,Off,Off,Off,Off,Off,Off,Off,Off,Off,Off,Off,Off,Off,Off,Off,Off,Off,Off,On,Off,Off,Off,Off,Off,Off,Off,Off,Off,On,Off,Off,Off,On,Off,Off,Off,Off,Off,On,On,Off,Yes,Yes,Yes,Yes,No,Yes,No,No,Rarely,Rarely,Often,Never,Never,Often,Sometimes,Sometimes,Rarely,Sometimes,Rarely,Sometimes,Sometimes,Never,,Neutral,Somewhat agree,Disagree,Disagree,Somewhat disagree,Somewhat agree,Somewhat agree,Somewhat disagree,Somewhat disagree,Disagree,Somewhat agree,1.95,3.27,1.96,8.22,6.5,No,25 - 34,Female,,33853,Polk,,"$25,001 - $50,000",,,,,,,,,
8/7/2026 8:18,8/7/2026 8:25,IP Address,100,445,TRUE,8/7/2026 8:25,R_3g8kcJQ3G0pHsnT,email,Shoreline,EN,1,,I agree,About once a week,10 - 19 years,"Fishing for fun, sport, or relaxation",,"A boat, kayak, or canoe",Good,Off,Off,Off,Off,Off,Off,Off,Off,Off,Off,Off,Off,Off,Off,Off,Off,Off,Off,Off,Off,On,Off,Off,Off,Off,Off,On,Off,Off,Off,Off,Off,Off,On,Off,Off,Off,On,On,On,On,On,Off,Off,On,On,On,On,On,On,On,On,On,On,On,On,On,On,On,On,On,On,On,On,On,On,On,On,On,On,On,On,On,On,On,On,Yes,Yes,Yes,Yes,No,Yes,Yes,Yes,Sometimes,Often,Always,Often,Sometimes,Often,Often,Often,Often,Rarely,Often,Often,Rarely,Often,Lady fish,Supportive,Agree,Disagree,Agree,Disagree,Strongly agree,Somewhat agree,Somewhat agree,Somewhat disagree,Somewhat agree,Strongly agree,10,10,10,2.01,0,No,35 - 44,Female,,33598,Hillsborough,,"$50,001 - $75,000",200,"Low
(1 ft. or less)","Small
(several square yards)","Shallow
(10 ft. or less)","Moderate
(some nooks and crannies)",Often,Rarely,Often,Often
8/7/2026 8:31,8/7/2026 8:42,IP Address,100,636,TRUE,8/7/2026 8:42,R_6DlrDsN1SladfMt,email,Shoreline,EN,1,,I agree,A few times,5 - 9 years,"Fishing for fun, sport, or relaxation",,"The shoreline or bank of a water body,A fishing pier or boardwalk",Good,Off,Off,Off,Off,Off,Off,Off,Off,Off,Off,Off,Off,Off,Off,Off,Off,Off,Off,Off,Off,Off,Off,Off,Off,Off,Off,Off,Off,Off,Off,Off,Off,Off,Off,Off,Off,Off,Off,Off,On,Off,Off,Off,Off,Off,Off,On,Off,Off,Off,Off,Off,Off,On,Off,Off,Off,Off,Off,Off,Off,Off,Off,On,Off,Off,Off,Off,Off,Off,Off,Off,Off,Off,On,Off,No,No,No,No,No,No,No,No,Rarely,Rarely,Often,Rarely,Rarely,Sometimes,Often,Often,Often,Sometimes,Sometimes,Rarely,Rarely,Never,,Supportive,Agree,Disagree,Agree,Disagree,Somewhat agree,Somewhat agree,Somewhat disagree,Somewhat agree,Somewhat agree,Somewhat agree,7.15,8.15,2.99,7.18,3.04,No,55 - 64,Male,,34275,Sarasota,,"$75,001 - $100,000",50,"Low
(1 ft. or less)","Small
(several square yards)","Shallow
(10 ft. or less)","Simple
(mostly flat or smooth)",Often,Sometimes,Sometimes,Never
8/7/2026 9:07,8/7/2026 9:15,IP Address,100,476,TRUE,8/7/2026 9:15,R_3PZvjWWboQ9SXye,email,Shoreline,EN,1,,I agree,About once a month,5 - 9 years,"Fishing for fun, sport, or relaxation,Fishing for your own food",,"The shoreline or bank of a water body,A fishing pier or boardwalk",Good,Off,Off,Off,Off,Off,Off,Off,Off,Off,Off,Off,Off,Off,Off,Off,On,On,On,Off,Off,Off,On,On,Off,Off,Off,On,Off,On,On,Off,Off,Off,On,On,Off,Off,Off,On,On,On,On,Off,Off,On,Off,On,On,Off,Off,Off,Off,Off,On,Off,Off,On,On,Off,Off,On,On,On,On,Off,On,On,On,On,On,On,Off,On,On,On,On,Yes,No,No,No,No,Yes,Yes,Yes,Rarely,Often,Often,Sometimes,Sometimes,Often,Often,Sometimes,Often,Sometimes,Rarely,Often,Often,Sometimes,,Opposed,Somewhat agree,Disagree,Agree,Disagree,Strongly agree,Somewhat agree,Agree,Somewhat disagree,Agree,Somewhat disagree,1.79,7.05,7.2,7.74,7.29,No,25 - 34,Male,,33511,Hillsborough,,"$100,000 or more",60,Not sure,Not sure,Not sure,Not sure,Often,Often,Sometimes,Not sure
8/7/2026 6:52,8/7/2026 9:18,IP Address,100,8745,TRUE,8/7/2026 9:18,R_6IosZuVA6XRM7v3,email,Shoreline,EN,1,,I agree,About once a week,5 - 9 years,"Fishing for fun, sport, or relaxation",,"A boat, kayak, or canoe",Good,Off,Off,Off,Off,Off,Off,Off,Off,Off,On,Off,Off,Off,Off,Off,On,On,Off,Off,Off,Off,Off,Off,Off,Off,Off,Off,Off,Off,Off,Off,Off,On,On,Off,Off,Off,On,On,Off,Off,Off,Off,Off,On,Off,Off,Off,Off,Off,Off,Off,Off,Off,Off,Off,Off,Off,Off,Off,Off,On,Off,Off,Off,Off,On,Off,Off,On,Off,Off,Off,Off,Off,Off,No,No,No,Yes,No,No,No,No,Rarely,Often,Sometimes,Sometimes,Sometimes,Sometimes,Often,Often,Often,Never,Sometimes,Often,Rarely,Rarely,,Supportive,Somewhat agree,Disagree,Somewhat disagree,Somewhat disagree,Somewhat agree,Somewhat agree,Somewhat disagree,Somewhat disagree,Somewhat disagree,Somewhat disagree,5.14,5.47,5.28,6.55,6.47,No,45 - 54,Female,,33598,Hillsborough,,"$100,000 or more",75,Not sure,"Large
(1 acre or more)",Not sure,Not sure,Sometimes,Sometimes,Sometimes,Never
8/7/2026 9:54,8/7/2026 10:02,IP Address,100,483,TRUE,8/7/2026 10:02,R_3z6KA87QCoM5cKV,email,Shoreline,EN,1,,I agree,About once a month,20 years or more,"Fishing for fun, sport, or relaxation",,The shoreline or bank of a water body,Good,Off,Off,Off,Off,Off,Off,Off,Off,Off,Off,Off,Off,Off,Off,Off,Off,Off,Off,Off,Off,Off,Off,Off,Off,Off,Off,Off,Off,Off,Off,Off,Off,Off,Off,Off,Off,Off,Off,Off,On,Off,Off,Off,Off,Off,Off,On,Off,Off,Off,Off,Off,Off,On,Off,Off,Off,Off,Off,Off,Off,Off,Off,Off,Off,Off,Off,Off,Off,Off,Off,Off,On,On,On,Off,Yes,Yes,Yes,Yes,Yes,Yes,No,No,Never,Often,Often,Often,Rarely,Rarely,Always,Always,Rarely,Never,Sometimes,Rarely,Never,Rarely,,Supportive,Agree,Strongly disagree,Agree,Disagree,Agree,Disagree,Agree,Somewhat disagree,Strongly agree,Strongly disagree,9.99,4.96,0.74,5.03,1.17,No,45 - 54,Female,,33714,Pinellas,,"$50,001 - $75,000",20,"Moderate
(2 - 4 ft.)","Small
(several square yards)","Shallow
(10 ft. or less)","Moderate
(some nooks and crannies)",Sometimes,Sometimes,Sometimes,Never
8/7/2026 10:13,8/7/2026 10:24,IP Address,100,611,TRUE,8/7/2026 10:24,R_3KZObdLUEAanT18,email,Shoreline,EN,1,,I agree,Many times a week,20 years or more,"Fishing for fun, sport, or relaxation,Fishing for your own food",,"The shoreline or bank of a water body,A fishing pier or boardwalk",Excellent,On,On,On,On,On,Off,Off,On,On,On,On,On,Off,Off,Off,Off,On,Off,Off,On,On,Off,On,On,On,On,On,Off,Off,On,On,On,On,On,On,On,On,On,On,Off,Off,Off,On,On,On,Off,Off,Off,On,On,On,Off,Off,On,On,On,On,Off,On,On,On,On,Off,On,On,On,Off,Off,Off,On,Off,Off,Off,Off,Off,Off,No,No,No,No,Yes,No,No,Yes,Always,Always,Always,Always,Always,Always,Always,Always,Sometimes,Sometimes,Always,Always,Always,Sometimes,Yes ,Supportive,Strongly agree,Strongly agree,Strongly agree,Strongly agree,Agree,Strongly agree,Strongly agree,Strongly agree,Strongly agree,Strongly agree,7.86,8.38,8.35,8.49,8.23,No,45 - 54,Male,,33607,Hillsborough,,"$25,001 - $50,000",100,"High
(5 ft. or more)","Large
(1 acre or more)","Moderate
(10 - 20 ft.)","Moderate
(some nooks and crannies)",Always,Always,Always,Always
8/7/2026 10:52,8/7/2026 10:58,IP Address,100,345,TRUE,8/7/2026 10:58,R_37stNr0ZeewBVXQ,email,Shoreline,EN,1,,I agree,About once a week,1 - 4 years,"Fishing for fun, sport, or relaxation",,"A boat, kayak, or canoe",Good,Off,Off,Off,Off,Off,Off,Off,Off,Off,Off,Off,Off,Off,Off,Off,Off,Off,Off,Off,Off,Off,Off,Off,Off,Off,Off,Off,Off,Off,Off,Off,Off,Off,Off,Off,Off,Off,Off,Off,Off,Off,Off,Off,Off,Off,Off,Off,On,Off,Off,Off,Off,Off,Off,On,Off,Off,Off,Off,Off,On,On,Off,Off,Off,On,On,Off,On,On,Off,Off,Off,Off,Off,Off,No,No,No,No,No,No,Yes,No,Rarely,Sometimes,Sometimes,Never,Sometimes,Often,Often,Often,Rarely,Rarely,Sometimes,Always,Always,Never,,Neutral,Somewhat agree,Somewhat disagree,Somewhat agree,Somewhat disagree,Somewhat agree,Somewhat agree,Somewhat agree,Somewhat agree,Somewhat agree,Somewhat agree,5,4.9,5.01,4.89,4.93,No,55 - 64,Male,,34221,Manatee,,"$100,000 or more",40,Not sure,Not sure,Not sure,Not sure,Not sure,Not sure,Not sure,Not sure
8/7/2026 11:04,8/7/2026 11:14,IP Address,100,557,TRUE,8/7/2026 11:14,R_3qCgtVbUcvnCSL9,email,Shoreline,EN,1,,I agree,About once a month,20 years or more,"Fishing for fun, sport, or relaxation,Fishing for your own food",,"The shoreline or bank of a water body,A fishing pier or boardwalk",Good,Off,Off,Off,Off,Off,Off,Off,Off,Off,Off,Off,Off,Off,Off,Off,Off,Off,Off,Off,Off,Off,Off,Off,Off,Off,Off,Off,Off,Off,Off,Off,Off,Off,Off,Off,Off,Off,Off,On,On,On,Off,Off,Off,On,On,On,On,Off,Off,Off,Off,Off,On,Off,Off,Off,Off,Off,Off,Off,On,Off,Off,Off,Off,Off,Off,Off,Off,Off,Off,Off,Off,Off,Off,Yes,Yes,Yes,Yes,No,Yes,No,No,Often,Never,Often,Never,Never,Often,Never,Never,Never,Never,Never,Never,Never,Always,I don't target.I just fish and what I catch is what I catch.And then I follow the rules,Supportive,Agree,Somewhat disagree,Strongly agree,Somewhat disagree,Strongly agree,Somewhat disagree,Disagree,Strongly agree,Disagree,Strongly agree,5.17,5.43,5.44,0.36,0.39,No,45 - 54,Female,,33823,Polk,,"$25,001 - $50,000",300,,,,,,,,
8/7/2026 11:58,8/7/2026 12:04,IP Address,100,372,TRUE,8/7/2026 12:04,R_6xPymEKlsMg4Nqx,email,Shoreline,EN,1,,I agree,A few times,1 - 4 years,"Fishing for fun, sport, or relaxation",,"A boat, kayak, or canoe",Excellent,Off,Off,Off,Off,Off,Off,Off,Off,Off,Off,Off,Off,Off,Off,Off,Off,Off,Off,Off,Off,Off,Off,Off,Off,Off,Off,Off,Off,Off,Off,Off,Off,Off,Off,Off,Off,Off,Off,Off,On,On,On,Off,Off,On,Off,On,On,Off,Off,On,On,Off,On,Off,Off,Off,On,Off,Off,Off,On,On,Off,Off,Off,Off,Off,Off,Off,Off,Off,Off,Off,Off,Off,Yes,Yes,Yes,Yes,Yes,Yes,No,No,Often,Often,Often,Often,Never,Often,Often,Often,Often,Sometimes,Sometimes,Rarely,Never,Sometimes,flounder,Supportive,Strongly agree,Disagree,Agree,Disagree,Strongly agree,Agree,Somewhat agree,Agree,Somewhat agree,Somewhat agree,4.98,5.09,4.95,4.81,4.78,No,55 - 64,Male,,,Manatee,,,,,,,,,,,
8/7/2026 13:43,8/7/2026 13:58,IP Address,100,876,TRUE,8/7/2026 13:58,R_5jBjPEoKlokKP2V,email,Shoreline,EN,1,,I agree,A few times,Less than a year,"Fishing for fun, sport, or relaxation",,The shoreline or bank of a water body,Fair,Off,Off,Off,Off,Off,Off,Off,Off,Off,Off,Off,Off,Off,Off,Off,Off,Off,Off,Off,Off,Off,Off,Off,Off,Off,Off,Off,Off,Off,Off,Off,Off,Off,Off,Off,Off,Off,Off,Off,Off,Off,Off,Off,Off,Off,Off,On,Off,Off,Off,Off,Off,Off,On,Off,Off,Off,Off,Off,Off,Off,Off,Off,Off,Off,Off,Off,Off,Off,Off,Off,Off,Off,Off,Off,Off,No,No,No,No,No,No,No,No,Never,Rarely,Sometimes,Sometimes,Never,Sometimes,Rarely,Rarely,Never,Never,Sometimes,Sometimes,Never,Sometimes,,Supportive,Agree,Strongly disagree,Agree,Strongly disagree,Strongly agree,Somewhat agree,Agree,Somewhat agree,Agree,Somewhat disagree,3.43,6.8,8.21,4.75,6.96,No,55 - 64,Male,,34655,Pasco,,"$50,001 - $75,000",15,,,,,,,,
8/7/2026 14:03,8/7/2026 14:16,IP Address,100,774,TRUE,8/7/2026 14:16,R_6Qh2F5GU3OgUBQy,email,Shoreline,EN,1,,I agree,About once a week,5 - 9 years,"Fishing for fun, sport, or relaxation",,"The shoreline or bank of a water body,A fishing pier or boardwalk",Good,Off,Off,Off,Off,Off,Off,On,Off,Off,Off,Off,Off,Off,On,Off,Off,Off,On,On,Off,Off,Off,Off,On,Off,Off,Off,Off,Off,Off,Off,Off,Off,On,Off,Off,Off,Off,On,On,On,Off,Off,Off,On,Off,On,On,Off,Off,Off,Off,Off,On,On,On,Off,Off,Off,Off,On,On,On,On,Off,Off,Off,On,On,On,Off,Off,On,On,On,On,No,Yes,Yes,Yes,Yes,No,Yes,Yes,Rarely,Sometimes,Often,Often,Often,Always,Often,Often,Rarely,Never,Rarely,Rarely,Rarely,Often,Spanish mackerel ,Supportive,Agree,Somewhat disagree,Somewhat disagree,Somewhat agree,Somewhat agree,Agree,Disagree,Somewhat agree,Somewhat agree,Disagree,5.29,10,10,10,10,Yes,35 - 44,Male,,33543,Pasco,,"$50,001 - $75,000",25,"High
(5 ft. or more)","Small
(several square yards)","Shallow
(10 ft. or less)","Moderate
(some nooks and crannies)",Often,Often,Sometimes,Never
8/7/2026 14:32,8/7/2026 14:41,IP Address,100,540,TRUE,8/7/2026 14:42,R_54C0rk2WCofbr52,email,Shoreline,EN,1,,I agree,About once a week,5 - 9 years,"Fishing for fun, sport, or relaxation",,The shoreline or bank of a water body,Excellent,Off,Off,Off,Off,Off,Off,Off,Off,Off,Off,Off,Off,Off,Off,Off,Off,Off,Off,Off,Off,Off,Off,Off,Off,Off,Off,On,Off,Off,Off,Off,Off,Off,Off,Off,Off,Off,Off,Off,Off,On,Off,Off,Off,Off,Off,Off,Off,Off,Off,Off,Off,Off,Off,Off,Off,Off,Off,Off,Off,Off,On,Off,Off,Off,Off,Off,Off,Off,Off,Off,Off,Off,On,Off,Off,No,No,No,No,Yes,Yes,No,No,Never,Never,Often,Never,Never,Sometimes,Sometimes,Never,Rarely,Sometimes,Sometimes,Rarely,Rarely,Often,Shark,Neutral,Somewhat agree,Disagree,Somewhat agree,Somewhat agree,Somewhat agree,Somewhat disagree,Somewhat agree,Disagree,Agree,Disagree,5.13,7.28,4.83,7.84,10,No,25 - 34,Male,,33579,Hillsborough,,"$25,001 - $50,000",60,,,,,,,,
8/7/2026 14:34,8/7/2026 14:51,IP Address,100,1024,TRUE,8/7/2026 14:51,R_6LkfZ5MSfKKKCDF,email,Shoreline,EN,1,,I agree,About once a month,10 - 19 years,"Fishing for fun, sport, or relaxation,Fishing for your own food",,"The shoreline or bank of a water body,A fishing pier or boardwalk",Good,Off,Off,Off,Off,Off,Off,Off,Off,Off,Off,Off,Off,Off,Off,Off,Off,Off,Off,Off,Off,Off,Off,Off,Off,Off,Off,Off,Off,Off,Off,Off,Off,Off,Off,On,Off,Off,Off,Off,On,On,Off,Off,Off,Off,Off,Off,Off,Off,Off,Off,Off,Off,On,Off,Off,Off,Off,Off,Off,Off,Off,Off,Off,Off,Off,Off,Off,Off,Off,Off,Off,On,On,On,On,No,Yes,No,Yes,Yes,No,No,No,Rarely,Often,Always,Sometimes,Sometimes,Often,Rarely,Often,Sometimes,Never,Sometimes,Rarely,Never,Sometimes,"ladyfish, spanish mackerel",Supportive,Agree,Somewhat disagree,Somewhat agree,Somewhat agree,Agree,Somewhat agree,Somewhat agree,Somewhat agree,Somewhat agree,Somewhat agree,2.96,5.27,5.35,7.89,7.37,No,55 - 64,Female,,33707,Pinellas,,"$50,001 - $75,000",20,"Moderate
(2 - 4 ft.)",Not sure,"Moderate
(10 - 20 ft.)","Moderate
(some nooks and crannies)",Sometimes,Sometimes,Often,Not sure
8/7/2026 14:54,8/7/2026 15:02,IP Address,100,450,TRUE,8/7/2026 15:02,R_3E3VqoduDiYLg4L,email,Shoreline,EN,1,,I agree,About once a month,20 years or more,"Fishing for fun, sport, or relaxation",,"The shoreline or bank of a water body,A fishing pier or boardwalk",Good,On,On,On,On,Off,Off,Off,On,Off,Off,Off,Off,Off,Off,Off,On,Off,Off,Off,Off,Off,On,Off,Off,Off,Off,Off,Off,On,Off,Off,Off,Off,Off,On,Off,Off,Off,Off,Off,On,On,Off,Off,Off,Off,Off,Off,Off,Off,Off,Off,Off,Off,Off,Off,Off,Off,Off,Off,Off,Off,Off,Off,Off,Off,Off,Off,Off,Off,Off,Off,On,On,Off,On,Yes,Yes,Yes,No,No,Yes,No,No,Sometimes,Sometimes,Often,Rarely,Never,Often,Sometimes,Rarely,Sometimes,Sometimes,Often,Often,Often,Rarely,,Supportive,Somewhat agree,Disagree,Somewhat agree,Somewhat disagree,Somewhat agree,Somewhat disagree,Somewhat agree,Somewhat disagree,Agree,Somewhat disagree,1.07,3.64,0,0,10,No,45 - 54,Female,,33709,Pinellas,,"$50,001 - $75,000",50,,,,,,,,
8/7/2026 15:45,8/7/2026 15:50,IP Address,100,269,TRUE,8/7/2026 15:50,R_7NVcre0CeGhD09a,email,Shoreline,EN,1,,I agree,A few times,10 - 19 years,"Fishing for fun, sport, or relaxation,Fishing for your own food",,The shoreline or bank of a water body,Good,Off,Off,Off,Off,Off,Off,Off,Off,Off,Off,Off,Off,Off,Off,Off,Off,Off,Off,Off,Off,Off,Off,On,Off,Off,Off,Off,Off,Off,Off,Off,Off,Off,Off,Off,Off,Off,Off,Off,Off,On,On,Off,Off,Off,Off,Off,On,On,Off,Off,Off,Off,On,Off,Off,Off,Off,Off,Off,Off,Off,Off,Off,Off,Off,Off,Off,Off,Off,Off,Off,Off,Off,Off,Off,No,No,No,No,No,No,No,No,Never,Often,Often,Never,Never,Never,Always,Always,Always,Never,Sometimes,Never,Never,Sometimes,Spanish Mackerel,Supportive,Somewhat agree,Somewhat disagree,Somewhat disagree,Disagree,Somewhat agree,Somewhat agree,Somewhat agree,Somewhat disagree,Somewhat agree,Somewhat disagree,0.94,5.09,6.52,8.04,9.9,No,45 - 54,Male,,33712,Pinellas,,"$75,001 - $100,000",15,,,,,,,,
8/7/2026 15:48,8/7/2026 15:54,IP Address,100,347,TRUE,8/7/2026 15:54,R_1OobhNtWWjbbtOe,email,Shoreline,EN,0.8999999761581421,,I agree,About once a month,20 years or more,"Fishing for fun, sport, or relaxation,Fishing for your own food",,"The shoreline or bank of a water body,A fishing pier or boardwalk",Excellent,Off,Off,Off,Off,Off,Off,Off,Off,Off,Off,Off,Off,Off,Off,Off,Off,On,Off,On,Off,Off,Off,Off,On,Off,Off,Off,Off,Off,Off,Off,Off,Off,Off,Off,Off,Off,Off,Off,Off,Off,Off,Off,Off,Off,Off,Off,Off,Off,Off,Off,Off,Off,Off,On,Off,Off,Off,Off,Off,On,Off,Off,Off,Off,Off,Off,Off,Off,Off,Off,Off,Off,Off,Off,Off,Yes,Yes,Yes,Yes,Yes,Yes,Yes,No,Never,Often,Always,Often,Often,Often,Sometimes,Often,Often,Never,Sometimes,Often,Often,Always,flounder,Supportive,Agree,Somewhat disagree,Strongly agree,Disagree,Agree,Somewhat agree,Somewhat agree,Somewhat agree,Somewhat disagree,Somewhat agree,4.97,5.92,4.69,10,10,No,35 - 44,Male,,33616,Hillsborough,,"$100,000 or more",50,"Moderate
(2 - 4 ft.)","Medium
(less than 1 acre)","Shallow
(10 ft. or less)","Simple
(mostly flat or smooth)",Sometimes,Not sure,Sometimes,Rarely
8/7/2026 19:06,8/7/2026 19:15,IP Address,100,498,TRUE,8/7/2026 19:15,R_3sdOsNCbxfWT6OP,email,Shoreline,EN,1,,I agree,A few times,20 years or more,"Fishing for fun, sport, or relaxation",,"The shoreline or bank of a water body,A fishing pier or boardwalk",Good,On,On,On,On,Off,Off,Off,On,On,Off,Off,Off,Off,Off,Off,On,Off,Off,Off,Off,Off,On,Off,Off,Off,Off,On,On,On,Off,Off,Off,Off,On,On,Off,Off,Off,On,On,On,On,Off,Off,Off,On,On,On,Off,Off,Off,Off,Off,On,On,Off,Off,Off,Off,Off,Off,Off,Off,Off,Off,Off,Off,Off,Off,Off,Off,Off,On,On,On,On,Yes,Yes,Yes,Yes,No,Yes,Yes,Yes,Sometimes,Sometimes,Sometimes,Sometimes,Rarely,Sometimes,Often,Often,Often,Rarely,Often,Often,Sometimes,Sometimes,Jack,Supportive,Somewhat disagree,Somewhat disagree,Agree,Disagree,Somewhat agree,Somewhat agree,Agree,Agree,Disagree,Agree,3.43,4.22,5.27,5.46,10,No,45 - 54,Male,,34653,Pasco,,"$75,001 - $100,000",200,Not sure,Not sure,Not sure,Not sure,Not sure,Not sure,Rarely,Never
8/7/2026 19:39,8/7/2026 19:45,IP Address,100,343,TRUE,8/7/2026 19:45,R_7Dp6gTl8UmsPjeE,email,Shoreline,EN,1,,I agree,A few times,20 years or more,"Fishing for fun, sport, or relaxation",,The shoreline or bank of a water body,Good,Off,Off,Off,Off,Off,Off,Off,Off,Off,Off,Off,Off,Off,Off,Off,On,On,Off,Off,Off,Off,On,On,Off,Off,Off,Off,Off,On,On,Off,Off,Off,Off,On,Off,Off,Off,Off,Off,Off,On,Off,Off,Off,Off,Off,Off,Off,Off,Off,Off,Off,Off,Off,Off,Off,Off,Off,Off,Off,Off,Off,Off,Off,Off,Off,Off,Off,Off,Off,Off,Off,Off,Off,Off,No,Yes,No,Yes,No,Yes,Yes,Yes,Sometimes,Sometimes,Often,Often,Never,Often,Often,Often,Often,Rarely,Often,Often,Often,Always,NA,Supportive,Somewhat agree,Somewhat agree,Somewhat agree,Somewhat agree,Somewhat agree,Somewhat disagree,Somewhat agree,Somewhat agree,Somewhat disagree,Somewhat disagree,4.9,4.87,7.76,4.39,4.58,No,55 - 64,Female,,33701,Pinellas,,"$50,001 - $75,000",,,,,,,,,
8/7/2026 22:28,8/7/2026 22:33,IP Address,100,333,TRUE,8/7/2026 22:33,R_3f2YvugEh1xpJeh,email,Shoreline,EN,1,,I agree,A few times,5 - 9 years,"Fishing for fun, sport, or relaxation",,The shoreline or bank of a water body,Excellent,Off,Off,Off,Off,Off,Off,Off,Off,Off,Off,Off,Off,Off,Off,Off,Off,Off,Off,Off,Off,Off,Off,Off,Off,Off,Off,Off,Off,Off,Off,Off,Off,Off,Off,Off,Off,Off,On,On,Off,Off,Off,Off,Off,On,On,Off,Off,Off,Off,Off,Off,Off,Off,Off,Off,Off,Off,Off,Off,Off,Off,Off,Off,Off,Off,Off,Off,Off,Off,Off,Off,Off,Off,Off,Off,Yes,No,No,Yes,Yes,Yes,Yes,Yes,Rarely,Rarely,Always,Never,Never,Rarely,Sometimes,Always,Sometimes,Never,Never,Rarely,Sometimes,Never,,Neutral,Somewhat agree,Somewhat disagree,Agree,Somewhat agree,Agree,Somewhat agree,Somewhat agree,Somewhat agree,Somewhat agree,Somewhat agree,5.06,5.13,1.06,2.42,1.36,No,45 - 54,Male,,33572,Hillsborough,,,40,,,,,,,,
9/7/2026 6:49,9/7/2026 7:27,IP Address,100,2230,TRUE,9/7/2026 7:27,R_72meZ3IPYDGCSno,email,Shoreline,EN,1,,I agree,About once a week,5 - 9 years,Fishing for your own food,,"The shoreline or bank of a water body,A fishing pier or boardwalk",Good,Off,Off,Off,Off,Off,Off,Off,Off,Off,Off,Off,Off,Off,On,On,Off,Off,Off,Off,Off,On,Off,Off,Off,Off,Off,On,Off,Off,Off,Off,Off,Off,Off,Off,Off,Off,Off,Off,Off,Off,Off,Off,Off,On,On,Off,Off,Off,Off,On,On,On,Off,Off,Off,Off,On,Off,Off,On,On,On,On,Off,On,On,On,Off,Off,On,On,Off,Off,Off,Off,No,Yes,Yes,Yes,Yes,Yes,No,No,Sometimes,Often,Often,Never,Rarely,Often,Sometimes,Often,Often,Rarely,Often,Often,Often,Often,,Supportive,Agree,Somewhat disagree,Somewhat agree,Somewhat disagree,Agree,Somewhat agree,Agree,Disagree,Strongly agree,Disagree,5.13,0,0,5.2,10,No,25 - 34,Male,,,Pasco,,"$75,001 - $100,000",50,Not sure,"Medium
(less than 1 acre)","Moderate
(10 - 20 ft.)","Moderate
(some nooks and crannies)",Often,Rarely,Often,Never
9/7/2026 9:15,9/7/2026 9:22,IP Address,100,378,TRUE,9/7/2026 9:22,R_57Vg9pr5EvzlkQv,email,Shoreline,EN,1,,I agree,About once a week,1 - 4 years,"Fishing for fun, sport, or relaxation,Fishing for your own food",,"The shoreline or bank of a water body,A fishing pier or boardwalk",Fair,Off,Off,Off,Off,Off,Off,Off,Off,Off,Off,Off,Off,Off,Off,Off,Off,Off,Off,Off,Off,Off,Off,Off,Off,Off,Off,Off,Off,Off,Off,Off,Off,On,On,Off,Off,Off,Off,On,Off,On,Off,Off,Off,Off,Off,Off,On,Off,Off,Off,Off,Off,Off,Off,Off,Off,Off,Off,Off,On,On,Off,Off,Off,Off,Off,Off,Off,Off,Off,Off,Off,Off,Off,Off,No,No,No,No,Yes,No,Yes,No,Sometimes,Sometimes,Often,Rarely,Rarely,Often,Sometimes,Sometimes,Often,Never,Sometimes,Sometimes,Sometimes,Sometimes,,Supportive,Somewhat agree,Somewhat disagree,Agree,Disagree,Agree,Somewhat agree,Somewhat agree,Somewhat agree,Somewhat disagree,Somewhat agree,5.01,6.08,3.38,4.83,4.89,No,25 - 34,Male,,33511,Hillsborough,,"$50,001 - $75,000",50,Not sure,Not sure,Not sure,Not sure,Not sure,Not sure,Not sure,Not sure
9/7/2026 9:41,9/7/2026 10:03,IP Address,100,1326,TRUE,9/7/2026 10:04,R_3s4nIOLyKkoWb1l,email,Shoreline,EN,0.8999999761581421,,I agree,Many times a week,20 years or more,"Fishing for fun, sport, or relaxation,Fishing for your own food",,The shoreline or bank of a water body,Excellent,Off,Off,Off,Off,Off,Off,Off,Off,Off,Off,Off,Off,Off,Off,Off,Off,Off,Off,Off,Off,Off,Off,Off,Off,Off,Off,Off,Off,Off,Off,Off,Off,Off,Off,Off,Off,Off,Off,Off,On,Off,Off,Off,Off,Off,Off,Off,Off,Off,Off,Off,Off,Off,Off,Off,Off,Off,Off,Off,Off,Off,Off,Off,Off,Off,Off,Off,Off,Off,Off,Off,Off,Off,Off,Off,Off,No,No,No,No,No,No,No,Yes,Never,Always,Always,Often,Never,Sometimes,Sometimes,Often,Sometimes,Never,Never,Sometimes,Never,Never,,Supportive,Agree,Strongly disagree,Agree,Disagree,Agree,Disagree,Somewhat agree,Somewhat disagree,Somewhat agree,Somewhat disagree,4.16,3.03,3.5,3.75,5.22,No,55 - 64,Male,,33715,Pinellas,,"$25,001 - $50,000",0,,,,,,,,
9/7/2026 22:06,9/7/2026 22:12,IP Address,100,359,TRUE,9/7/2026 22:12,R_5lztWJpHhJFJC8S,email,Shoreline,EN,1,,I agree,A few times,5 - 9 years,"Fishing for fun, sport, or relaxation",,The shoreline or bank of a water body,Fair,Off,Off,Off,Off,Off,Off,Off,Off,Off,Off,Off,Off,Off,On,Off,Off,Off,Off,Off,Off,Off,Off,Off,Off,Off,Off,Off,Off,Off,Off,Off,Off,Off,Off,Off,Off,Off,Off,Off,Off,Off,Off,Off,Off,Off,Off,Off,Off,Off,Off,Off,Off,Off,Off,Off,Off,Off,Off,Off,Off,Off,Off,Off,Off,Off,Off,Off,On,Off,Off,Off,Off,Off,Off,Off,Off,No,No,No,No,No,No,No,No,Never,Never,Sometimes,Never,Sometimes,Rarely,Sometimes,Never,Sometimes,Never,Never,Never,Never,Never,,Supportive,Somewhat agree,Somewhat disagree,Agree,Somewhat disagree,Agree,Somewhat agree,Somewhat disagree,Somewhat agree,Somewhat disagree,Agree,7.7,7.83,5.12,3.66,5.26,No,35 - 44,Female,,33602,Hillsborough,,"$50,001 - $75,000",10,Not sure,Not sure,Not sure,Not sure,Not sure,Not sure,Not sure,Not sure
12/7/2026 16:35,12/7/2026 16:42,IP Address,100,450,TRUE,12/7/2026 16:42,R_7osZbS4b95SYyQB,email,Shoreline,EN,1,,I agree,A few times,5 - 9 years,"Fishing for fun, sport, or relaxation,Fishing for your own food",,"The shoreline or bank of a water body,A fishing pier or boardwalk",Fair,Off,Off,Off,Off,Off,Off,Off,Off,Off,Off,Off,Off,Off,Off,Off,Off,Off,Off,Off,Off,Off,Off,Off,Off,Off,Off,Off,Off,Off,Off,Off,Off,Off,Off,Off,Off,Off,Off,Off,Off,On,Off,Off,Off,Off,Off,Off,On,Off,Off,Off,Off,Off,Off,On,Off,Off,Off,Off,Off,On,On,Off,Off,Off,Off,Off,Off,Off,Off,Off,Off,Off,Off,Off,Off,No,No,No,No,No,No,Yes,Yes,Often,Rarely,Sometimes,Sometimes,Sometimes,Often,Rarely,Rarely,Sometimes,Sometimes,Sometimes,Sometimes,Rarely,Often,"Catfish, ray, sharks",Supportive,Strongly agree,Disagree,Agree,Somewhat agree,Agree,Disagree,Agree,Disagree,Agree,Disagree,0,8.06,5.31,10,8,No,35 - 44,Male,,33810,Polk,,"$25,000 or less",200,"Moderate
(2 - 4 ft.)","Medium
(less than 1 acre)","Moderate
(10 - 20 ft.)",Not sure,Not sure,Not sure,Often,Not sure
13/7/2026 8:22,13/7/2026 8:32,IP Address,100,642,TRUE,13/7/2026 8:32,R_5urp4eLeuOg69aI,email,Shoreline,EN,1,,I agree,A few times,1 - 4 years,"Fishing for fun, sport, or relaxation",,"The shoreline or bank of a water body,A boat, kayak, or canoe",Fair,Off,Off,Off,Off,Off,Off,Off,Off,Off,Off,Off,Off,Off,Off,Off,Off,Off,Off,Off,Off,Off,Off,Off,Off,Off,Off,Off,Off,Off,Off,Off,Off,Off,Off,Off,Off,Off,Off,Off,Off,Off,Off,Off,Off,On,Off,Off,Off,Off,Off,On,On,Off,Off,Off,Off,Off,Off,Off,Off,Off,Off,Off,Off,Off,Off,Off,Off,Off,Off,Off,Off,Off,Off,Off,Off,No,No,No,No,No,No,No,No,Rarely,Often,Often,Never,Never,Sometimes,Often,Sometimes,Sometimes,Rarely,Sometimes,Sometimes,Sometimes,Never,,Supportive,Somewhat agree,Somewhat disagree,Somewhat agree,Somewhat agree,Somewhat agree,Strongly disagree,Strongly disagree,Strongly disagree,Strongly disagree,Strongly disagree,0.38,6.93,0.37,0.21,6.94,No,55 - 64,Male,,33570,Hillsborough,,"$25,000 or less",25,,,,,,,,
14/7/2026 0:20,14/7/2026 0:29,IP Address,100,537,TRUE,14/7/2026 0:29,R_7huyfpqfYSobapX,email,Shoreline,EN,1,,I agree,A few times,20 years or more,"Fishing for fun, sport, or relaxation,Fishing for your own food",,"The shoreline or bank of a water body,A fishing pier or boardwalk",Fair,On,On,On,On,On,On,Off,On,On,Off,Off,Off,Off,Off,Off,On,Off,Off,Off,Off,Off,On,On,Off,Off,Off,Off,Off,Off,Off,Off,Off,Off,Off,Off,Off,Off,Off,Off,Off,On,Off,Off,Off,Off,Off,Off,On,Off,Off,Off,Off,Off,Off,On,Off,Off,Off,Off,Off,Off,Off,Off,Off,Off,Off,Off,Off,Off,Off,Off,Off,On,On,Off,Off,No,No,No,Yes,No,Yes,No,No,Sometimes,Always,Often,Rarely,Sometimes,Often,Rarely,Often,Always,Never,Always,Always,Always,Never,,Supportive,Agree,Strongly disagree,Agree,Disagree,Strongly agree,Agree,Somewhat disagree,Strongly disagree,Somewhat agree,Somewhat agree,2.98,5.58,9.29,2.74,2.73,No,55 - 64,Male,,33761,Pinellas,,"$100,000 or more",50,"Moderate
(2 - 4 ft.)","Small
(several square yards)","Shallow
(10 ft. or less)","Moderate
(some nooks and crannies)",Often,Rarely,Often,Not sure
16/7/2026 14:17,16/7/2026 14:28,IP Address,100,626,TRUE,16/7/2026 14:28,R_3GB7YUY2lJt3nhz,email,Shoreline,EN,1,,I agree,A few times,20 years or more,"Fishing for fun, sport, or relaxation",,"The shoreline or bank of a water body,A fishing pier or boardwalk",Good,On,Off,On,On,Off,Off,Off,On,Off,Off,Off,Off,Off,Off,Off,Off,Off,Off,Off,Off,Off,Off,Off,Off,Off,Off,Off,Off,Off,Off,Off,Off,Off,Off,Off,Off,Off,Off,Off,Off,Off,Off,Off,Off,Off,Off,Off,Off,Off,Off,Off,Off,Off,Off,Off,Off,Off,Off,Off,Off,Off,Off,Off,Off,Off,Off,Off,Off,Off,Off,Off,Off,Off,Off,Off,Off,Yes,No,No,No,Yes,Yes,No,No,Often,Often,Often,Rarely,Never,Often,Rarely,Often,Sometimes,Rarely,Often,Rarely,Rarely,Rarely,Shark,Supportive,Agree,Disagree,Somewhat agree,Disagree,Somewhat agree,Somewhat disagree,Agree,Somewhat disagree,Somewhat disagree,Somewhat disagree,0.54,3.05,5.05,7.96,10,No,35 - 44,Male,,33756,Pinellas,,"$25,001 - $50,000",20,,,,,,,,